Periodo,SGR,Aporte,Posicion,Weight,P&L,Mora,TIR
2026-02,POTENCIAR,11500,14143.98691,0.86989132,3072.022881,0.007,0.418659419
2026-02,GARANTIZAR,1499.999999,1498.710484,0.092174523,152.0802015,0.043,0.151718146
2026-02,INTEGRA,392.1,362.2732301,0.022280729,-28.23817896,0.075,-0.104434875
2026-02,BIND,275,254.516714,0.015653428,35.268164,0.026,0.200537163
2026-03,POTENCIAR,11500,14791,0.87398,3719,0.007,0.444
2026-03,GARANTIZAR,1500,1516,0.08959,169,0.043,0.146
2026-03,INTEGRA,392,358,0.02116,-32,0.075,-0.106
2026-03,BIND,275,259,0.01530,40,0.026,0.204
