SGR,Aporte,Posicion,Weight,P&L,Mora,TIR
POTENCIAR,11500,14143.98691,0.86989132,3072.022881,0.007,0.418659419
GARANTIZAR,1499.999999,1498.710484,0.092174523,152.0802015,0.043,0.151718146
INTEGRA,392.1,362.2732301,0.022280729,-28.23817896,0.075,-0.104434875
BIND,275,254.516714,0.015653428,35.268164,0.026,0.200537163
Total,,,,3231.133068,0.012130788,0.348068303
