Periodo,SGR,Aporte,Posicion,Weight,P&L,Mora,TIR,Rendimiento Cartera,Rend. Neto c/benef,TIR c/benef
2026-02,POTENCIAR,11500,14143.98691,0.86989132,3072.022881,0.007,0.418659419,,,
2026-02,GARANTIZAR,1499.999999,1498.710484,0.092174523,152.0802015,0.043,0.151718146,,,
2026-02,INTEGRA,392.1,362.2732301,0.022280729,-28.23817896,0.075,-0.104434875,,,
2026-02,BIND,275,254.516714,0.015653428,35.268164,0.026,0.200537163,,,
2026-03,POTENCIAR,11500,14791,0.87,3719,0.007,0.444,0.506,7744,1.112
2026-03,GARANTIZAR,1500,1516,0.09,169,0.043,0.146,0.324,694,0.933
2026-03,INTEGRA,392,358,0.02,-32,0.075,-0.106,0.245,105,0.426
2026-03,BIND,275,259,0.02,40,0.026,0.204,0.366,136,0.583
